{
  "optimizer_comparison": {
    "SGD": {
      "final_loss": 0.2371607180684805,
      "final_acc": 0.86,
      "train_loss": [
        0.7703010886907578,
        0.6854464709758759,
        0.5548898950219154,
        0.5116990245878696,
        0.493371807038784,
        0.44205502793192863,
        0.41706905886530876,
        0.4273713752627373,
        0.4028271324932575,
        0.3682224117219448,
        0.38641204312443733,
        0.33488041535019875,
        0.34288516640663147,
        0.3301236592233181,
        0.31275327131152153,
        0.30482785031199455,
        0.2984340935945511,
        0.31850650534033775,
        0.30943719670176506,
        0.28051357716321945,
        0.29146561585366726,
        0.2900571506470442,
        0.2762002758681774,
        0.2556632738560438,
        0.25718648359179497,
        0.23512635938823223,
        0.27615306340157986,
        0.33895425498485565,
        0.22498309798538685,
        0.2371607180684805
      ],
      "val_accuracy": [
        0.66,
        0.57,
        0.77,
        0.74,
        0.75,
        0.77,
        0.82,
        0.8,
        0.81,
        0.82,
        0.85,
        0.82,
        0.85,
        0.83,
        0.84,
        0.83,
        0.85,
        0.85,
        0.87,
        0.87,
        0.86,
        0.87,
        0.86,
        0.81,
        0.87,
        0.85,
        0.85,
        0.85,
        0.86,
        0.86
      ]
    },
    "Adam": {
      "final_loss": 0.02596584672573954,
      "final_acc": 0.92,
      "train_loss": [
        0.6631985083222389,
        0.4899008385837078,
        0.4004174917936325,
        0.34044593572616577,
        0.28877573646605015,
        0.26611718721687794,
        0.2320039216428995,
        0.22845219634473324,
        0.20725091733038425,
        0.2187595721334219,
        0.15908608864992857,
        0.15741114784032106,
        0.13392026256769896,
        0.11956305149942636,
        0.11131792422384024,
        0.11507119191810489,
        0.09396537858992815,
        0.08698024973273277,
        0.11590227484703064,
        0.08383293403312564,
        0.0687441579066217,
        0.05762880388647318,
        0.04667677218094468,
        0.06471435073763132,
        0.05506568821147084,
        0.06029242416843772,
        0.057722033467143774,
        0.038382014143280685,
        0.03252859693020582,
        0.02596584672573954
      ],
      "val_accuracy": [
        0.77,
        0.78,
        0.8,
        0.84,
        0.84,
        0.81,
        0.85,
        0.85,
        0.91,
        0.9,
        0.92,
        0.92,
        0.9,
        0.94,
        0.89,
        0.91,
        0.92,
        0.89,
        0.95,
        0.9,
        0.91,
        0.94,
        0.89,
        0.94,
        0.94,
        0.9,
        0.92,
        0.9,
        0.94,
        0.92
      ]
    },
    "SGD + Nystr\u00f6m": {
      "final_loss": 0.11672876868396997,
      "final_acc": 0.9,
      "train_loss": [
        0.896884374320507,
        0.6665402576327324,
        0.39933330565690994,
        0.3634220249950886,
        0.3571373373270035,
        0.2906950023025274,
        0.264535516500473,
        0.2471712902188301,
        0.33384620025753975,
        0.2734515927731991,
        0.2169218473136425,
        0.17737826146185398,
        0.21456102281808853,
        0.5363065600395203,
        0.26049732603132725,
        0.20318894647061825,
        0.2618481870740652,
        0.3067497331649065,
        0.20194159355014563,
        0.15736892260611057,
        0.17183974292129278,
        0.1694100657477975,
        0.18388794362545013,
        0.2609525853767991,
        0.17961717769503593,
        0.13292183075100183,
        0.15732596069574356,
        0.27842459827661514,
        0.1653238832950592,
        0.11672876868396997
      ],
      "val_accuracy": [
        0.56,
        0.82,
        0.79,
        0.82,
        0.91,
        0.86,
        0.86,
        0.82,
        0.86,
        0.9,
        0.91,
        0.89,
        0.87,
        0.83,
        0.9,
        0.91,
        0.9,
        0.87,
        0.92,
        0.9,
        0.92,
        0.92,
        0.93,
        0.87,
        0.91,
        0.93,
        0.78,
        0.9,
        0.95,
        0.9
      ]
    },
    "Adam + Nystr\u00f6m": {
      "final_loss": 0.6031626109033823,
      "final_acc": 0.79,
      "train_loss": [
        0.6804789677262306,
        0.5223346129059792,
        0.4224407598376274,
        0.36355768889188766,
        0.33576417714357376,
        0.29864364489912987,
        0.2868718095123768,
        0.24462276697158813,
        0.209920983761549,
        0.19799853302538395,
        0.17813285440206528,
        0.16586572397500277,
        0.13993545528501272,
        0.15848314762115479,
        0.14685999229550362,
        0.15417811274528503,
        0.13648344483226538,
        0.139522947371006,
        0.11162437219172716,
        0.11635993048548698,
        0.14872578205540776,
        0.11592463031411171,
        0.11765920696780086,
        0.12046436965465546,
        0.15945092029869556,
        0.26329968636855483,
        0.34584173373878,
        0.2767785619944334,
        0.43941568583250046,
        0.6031626109033823
      ],
      "val_accuracy": [
        0.73,
        0.75,
        0.8,
        0.8,
        0.82,
        0.85,
        0.82,
        0.86,
        0.87,
        0.85,
        0.86,
        0.91,
        0.87,
        0.85,
        0.88,
        0.94,
        0.93,
        0.94,
        0.9,
        0.89,
        0.88,
        0.95,
        0.91,
        0.93,
        0.91,
        0.83,
        0.89,
        0.87,
        0.84,
        0.79
      ]
    }
  },
  "hessian_spectrum": {
    "n_params": 1474,
    "condition_number": 995.3916625976562,
    "top_eig": 34.811279296875,
    "bottom_significant_eig": 0.03497244417667389,
    "rank_90": 133,
    "rank_99": 382
  },
  "conditioning": {
    "kappa_original": 995.3916625976562,
    "lambda_max_original": 34.811279296875,
    "lambda_max_preconditioned": 13.132589340209961,
    "max_lr_original": 0.05745264294781432,
    "max_lr_preconditioned": 0.1522928912332855,
    "step_size_increase": 2.6507551858252536,
    "damping": 1.0
  },
  "regression": {
    "SGD": {
      "final_loss": 0.23904380947351456,
      "train_loss": [
        2.481661006808281,
        1.4658816903829575,
        1.207549586892128,
        0.9167726039886475,
        0.7241090759634972,
        0.5564620345830917,
        0.41921015456318855,
        0.5434840843081474,
        0.3647616244852543,
        0.444291640073061,
        0.4641933739185333,
        0.34222184866666794,
        0.31885072961449623,
        0.30631845258176327,
        0.30560990050435066,
        0.26439601741731167,
        0.29135648161172867,
        0.30995333194732666,
        0.2545527908951044,
        0.2547424267977476,
        0.26545433700084686,
        0.25352743826806545,
        0.25229921378195286,
        0.25806656666100025,
        0.2447045650333166,
        0.2684190794825554,
        0.27896734699606895,
        0.34017252922058105,
        0.2519973963499069,
        0.23904380947351456
      ]
    },
    "Adam": {
      "final_loss": 0.07390078948810697,