{
  "pretrain": {
    "params": 25864,
    "loss_history": [
      0.37489851989916395,
      0.16139947756060533,
      0.11189965571143798,
      0.08979978385780539,
      0.07585270323657564,
      0.06707771195630942,
      0.06110191923965301,
      0.055598328821361065,
      0.05087313395259636,
      0.04713078262284398,
      0.04409230214410594,
      0.04092736026671316,
      0.038208971465272565,
      0.03518645398850952,
      0.0327834553817021,
      0.03046819388068148,
      0.028154300060123205,
      0.02641016248214458,
      0.02447284385561943,
      0.022759054587887868,
      0.021087336387219175,
      0.02008506705585335,
      0.019034765560978224,
      0.017111029392773553,
      0.01646138898961778,
      0.015607267717963882,
      0.014649666463291007,
      0.01418548810761422,
      0.013700462777965836,
      0.012381254113279283,
      0.01169174026498305,
      0.011198318771286202,
      0.010633206743347858,
      0.010353744811644512,
      0.009984089693586742,
      0.009546996252278664,
      0.008941512837606882,
      0.008292295762138175,
      0.00782562788975026,
      0.007980899003866528,
      0.007443682091044528,
      0.007153818042882319,
      0.007066813322515892,
      0.006600607843470893,
      0.006910923219818089,
      0.006747414607421628,
      0.006640491375167455,
      0.006056842876465193,
      0.005674515726111297,
      0.005387485576128321,
      0.00520652173768862,
      0.00507123041565397,
      0.00500911013555846,
      0.004907411065817412,
      0.004883171491590994,
      0.004699997720308602,
      0.004513823223533109,
      0.004382018278452701,
      0.00445084974385931,
      0.004179806278053937,
      0.0043583325501198745,
      0.004380948030822245,
      0.003973962265133325,
      0.004073278970151607,
      0.004016516788396984,
      0.004144489519863522,
      0.003986770374467596,
      0.003690594512071194,
      0.003895232204480895,
      0.0037603403449923333,
      0.003775242790912411,
      0.0036503821237212314,
      0.003492659968157698,
      0.003488004344814856,
      0.003308856028265187,
      0.003613061475334689,
      0.0033925410825759172,
      0.003173458905491446,
      0.0031902070373429786,
      0.0029607022796491428,
      0.003173119617193671,
      0.0031700233479828705,
      0.0030502606490959545,
      0.0028459055174607784,
      0.0027984306340970632,
      0.0030073235227194217,
      0.0029853918656174627,
      0.00313475274015218,
      0.0028604829484330757,
      0.0027989371987392326,
      0.003006597432041807,
      0.0031815648295118342,
      0.0031766038570952204,
      0.003068288285118927,
      0.0029084712316814277,
      0.0029719704013716963,
      0.0026784842734092046,
      0.0027269898356670247,
      0.002415463311730751,
      0.0025357481000745402
    ],
    "finetune_baseline_loss": 1.156787133216858
  },
  "lora_finetune": {
    "2": {
      "trainable_params": 1168,
      "pct_of_base": 4.515929477265698,
      "test_loss": 0.5455741643905639
    },
    "4": {
      "trainable_params": 2336,
      "pct_of_base": 9.031858954531396,
      "test_loss": 0.5564201235771179
    },
    "8": {
      "trainable_params": 4672,
      "pct_of_base": 18.06371790906279,
      "test_loss": 0.5821623921394348
    },
    "16": {
      "trainable_params": 9344,
      "pct_of_base": 36.12743581812558,
      "test_loss": 0.6175790190696716
    }
  },
  "full_finetune": {
    "trainable_params": 25864,
    "final_loss": 0.035142711363732815,
    "test_loss": 0.8023984551429748
  },
  "svd_analysis": {
    "fc1.weight": {
      "effective_ranks": {
        "90%": 31,
        "95%": 38,
        "99%": 50
      },
      "full_norm": 3.5591533184051514,
      "top_sv_ratio": 956951457994808.9,
      "top_10_sv": [
        1.0008114576339722,
        0.8731996417045593,
        0.8530431389808655,
        0.8330380320549011,
        0.8301588296890259,
        0.7645261883735657,
        0.7486862540245056,
        0.7296274900436401,
        0.6840704083442688,
        0.6593844890594482
      ]
    },
    "fc2.weight": {
      "effective_ranks": {
        "90%": 38,
        "95%": 50,
        "99%": 77
      },
      "full_norm": 4.9021406173706055,
      "top_sv_ratio": 1230520884168829.0,
      "top_10_sv": [
        1.329927682876587,
        1.2825638055801392,
        1.1260703802108765,
        1.1004483699798584,
        1.0650570392608643,
        1.052296757698059,
        1.0046135187149048,
        0.9543604850769043,
        0.9342154264450073,
        0.9253832697868347
      ]
    },
    "fc3.weight": {
      "effective_ranks": {
        "90%": 7,
        "95%": 8,
        "99%": 8
      },
      "full_norm": 1.7030121088027954,
      "top_sv_ratio": 1.6250110233245518,
      "top_10_sv": [
        0.7573002576828003,
        0.6714812517166138,
        0.6624062061309814,
        0.6062784194946289,
        0.5636446475982666,
        0.5512703061103821,
        0.48034170269966125,
        0.46602776646614075
      ]
    }
  },
  "nystrom_connection": {
    "layer": "fc2.weight",
    "ranks": [
      1,
      2,
      4,
      8,
      16,
      32
    ],
    "svd_errors": [
      0.915434718132019,
      0.8354117274284363,
      0.7339792847633362,
      0.559390127658844,
      0.3307996392250061,
      0.1270652711391449
    ],
    "nystrom_errors_mean": [
      0.9683633004810671,
      0.9411482895726877,
      0.8805843014985786,
      0.7825209267484742,
      0.5963592940054078,
      0.3511744103810147
    ],
    "nystrom_errors_std": [
      0.012244785715661982,
      0.017567775480596192,
      0.0161506507877719,
      0.02056671829136699,
      0.017768629797832416,
      0.016355668436182445
    ]
  },
  "elapsed_seconds": 347.74
}